"Participant","Session","Scenario","ldg","app","alt","spd","time","oddball","oddball_RT","oddball_RT_log","oddball_percentage","oddball_percentage_log","TLX","TLX_raw","TLX_weighted","simu_global_perf","workload_global"
"P001",3,"VFR-low",-0.086790996029462,-0.231930532767515,-1.70540665260886,-1.11390859689053,-0.456064891132971,1.14549139679171,0.905995760645181,-0.0987206521496847,20,2.99573227355399,1.25550651455809,66.6666666666667,66.333265,-0.560812999421767,1.2004989556749
"P002",3,"VFR-low",-0.64361369275632,-1.22629222707377,-1.91438264917559,-0.92771638486005,-0.564601429192547,NA,NA,NA,NA,NA,-1.07936693829056,35,43.3333225,-0.952394380647822,NA
"P003",3,"VFR-low",-0.711352555277689,1.92446373161885,-0.585093806849105,-0.230662921965014,1.09779596186451,-1.5173724037472,0.489205239604779,-0.714973164668875,0,0,0.0266257499009054,50,50.6666865,0.0464344225893109,-0.74537332692315
"P004",3,"VFR-low",-0.285209486842663,0.132196683464542,0.610774398636716,0.265882436275402,-0.390298279217908,-0.61704059713405,0.537173482656402,-0.62143417769511,5.31914893617019,1.67131331615218,-1.07936693829056,35,38.6666625,-0.0213005088632521,-0.848203767712305
"P005",3,"VFR-low",-2.19297605108138,-1.06608103458148,-0.644801833306695,-0.183454183432638,0.0553353041397151,1.5096504610411,1.015620839788,0.0155000903188373,25.3731343283582,3.23369091065334,1.37839459102381,68.3333333333333,73.6666425,-1.15304068250972,1.44402252603245
"P006",3,"VFR-low",-0.422039306744009,-0.86477213250563,0.274758111479908,0.133771621856862,1.50193041476608,-0.435786280717143,0.541837275628852,-0.612789552087443,7.8947368421053,2.06619631492982,0.518178055763782,56.6666666666667,69.333318,-0.0119625203580206,0.0411958875233193
"P007",3,"VFR-low",0.152467634909442,1.4353579941236,0.649063554380088,-0.0406818458914773,0.172204450089979,0.286059075195127,0.672462079283277,-0.396809556778848,13.4328358208955,2.59770214393334,-0.833590785359126,38.3333333333333,46.3333185,0.393378676869105,-0.273765855081999
"P008",3,"VFR-low",0.819530487773093,0.153948532508862,-0.13029283930415,0.725271788112611,-0.827961951882833,0.561621791994822,0.686571514232014,-0.376044886975314,23.4375,3.15433730373063,1.07117439985951,64.1666666666667,65.999994,0.315957024524411,0.816398095927168
"P009",3,"VFR-low",-1.08240063779975,-1.81294998540299,-0.522065881518275,-1.02955203974497,-0.792962150450067,1.75279163033657,1.08963578279572,0.0858434961783218,30.7692307692308,3.42651518964645,1.25550651455809,66.6666666666667,71.6666445,-1.05658976368735,1.50414907244733
"P010",3,"VFR-low",0.288960493014907,0.217197462689954,1.559904257553,1.42845208846421,-0.0246202204125838,0.513776499273576,0.774218856816866,-0.25590068461639,10.4651162790698,2.34804746707081,-0.280594441263393,45.8333333333333,58.333316,0.59272423545015,0.116591029005091
"P011",3,"VFR-low",0.331433776847434,0.284821082562,-1.09218657044353,-1.16579734723593,0.625172709196262,0.748475506369602,0.754837708600271,-0.281252508335686,21.5189873417722,3.06893567757729,1.25550651455809,66.6666666666667,63.33333,-0.0696250081492063,1.00199101046385
"P012",3,"VFR-low",0.326676854631901,0.693535478361705,-0.379056905820147,-0.361145299078437,2.38490245522181,-0.430788900623155,0.611347720568611,-0.492089380920013,4,1.38629436111989,-1.14081097652342,34.1666666666667,42.6666495,0.4814061011555,-0.785799938573286
"P013",3,"VFR-low",-0.113242556995283,-1.16056385632172,0.925630842131794,-0.0726054974013549,0.219609646154407,-0.504451559556245,0.640156633546183,-0.446042392656436,2.5641025641026,0.941608539858458,-1.07936693829056,35,42.333321,-0.0584863526136448,-0.791909248923403
"P014",3,"VFR-low",1.91626751028179,1.09230693921636,0.293698756583182,1.05558321943569,0.140607741357027,-1.17990202687809,0.54822307573397,-0.601073002358412,1.1904761904762,0.174353387144789,0.763954208695216,60,66.3333155,1.15383650260155,-0.207973909091436
"P015",3,"VFR-low",0.75421422172014,-0.729939198138398,-0.597100870956359,-0.454440335240315,-0.439516576221077,0.952971711940888,0.85819764625103,-0.152920849086327,17.0212765957447,2.83446412595787,0.702510170462359,59.1666666666667,73.999994,-0.0314638583953665,0.827740941201623
"P016",3,"VFR-low",-0.609445913298396,0.527995967480081,-0.936378100696013,-1.53020467900877,-1.64457683317729,1.04580524759661,0.795631441794453,-0.228619213182328,32.9896907216495,3.49619511028444,0.27240190283234,53.3333333333333,65.333309,-0.781252912129657,0.659103575214476
"P017",3,"VFR-low",0.419113249208517,-0.459124486718444,-0.116500500712671,0.164656194388541,-0.54592086369064,-0.881093360008943,0.555406914119771,-0.588054255285645,2.2988505747126,0.832409247893435,-1.07936693829056,35,42.3333275,0.0241118511734247,-0.980230149149752
"P019",3,"VFR-low",-0.0614613693514233,-0.0484116704221449,-0.360609184482294,-0.436821919256513,0.109209063183752,-1.05710832756137,0.595614629540933,-0.518161415779292,0,0,-0.833590785359126,38.3333333333333,40.3333305,-0.135079604387149,-0.945349556460249
"P020",3,"VFR-low",0.892234429316639,0.910215669317953,0.331241279060935,1.81397501866987,-0.44774262200273,-1.12385141042548,0.557971547155255,-0.583447308662091,1.2345679012346,0.210721031315677,0.886842285160937,61.6666666666667,72.666639,0.748047173483559,-0.11850456263227
"P021",3,"VFR-low",0.557958860341339,0.475175485482886,0.629834420743558,-0.413177191732725,0.287805523006262,-0.908828098908936,0.620612844809777,-0.477047829776669,1.1363636363636,0.127833371509851,-1.57091924415344,28.3333333333333,37.666649,0.370129279761533,-1.23987367153119
"P022",3,"VFR-low",-0.785344290538176,-1.05651172895421,-0.0220286617645185,0.18568825609047,0.034711981204885,-0.305094438020688,0.610363718991454,-0.493700238865798,5.4945054945055,1.70374859190534,0.395289979298061,55,62.999988,-0.442858739228776,0.0450977706386863
"P023",3,"VFR-low",0.693648946265435,0.14750667853811,0.140647082695748,-1.02382221805433,0.236637934041274,1.03599611856044,0.820161411087418,-0.198254115305304,27.0588235294118,3.29801314542693,0.763954208695216,60,72.666643,0.202605000089295,0.899975163627828
"P024",3,"VFR-low",0.36498276307314,1.41443551371032,-0.0396928399426277,0.313394118121437,0.254871164037258,0.00204216895997164,0.614262501164635,-0.487332915871568,11.25,2.42036812865043,-1.44803116768772,30,33.333326,0.437444298618214,-0.722994499363872
"P025",3,"VFR-low",-0.315418440810098,0.152055119599517,-0.299563014035983,0.917803074996703,-0.000247922542375573,0.422205344656067,0.727391812481606,-0.318290002360611,11.9565217391304,2.48127688173742,-1.93958347355059,23.3333333333333,27.3333155,-0.0106602876213601,-0.758689064447263
"P026",3,"VFR-low",1.07638454291684,2.04531184148954,1.25798989656699,-0.282888148096962,0.239967525674742,0.718939718639771,0.853783614546303,-0.158077496050788,9.8765432098765,2.29016257299548,0.210957864599483,52.5,66.33332,0.919610984511883,0.464948791619627
"P027",3,"VFR-low",0.358594710665226,-0.0190143274434493,1.16316498652227,1.4000674179846,-0.132951254418395,0.175930824336704,0.742401081245762,-0.297865641091808,5.81395348837211,1.76026080216869,0.825398246928073,60.8333333333333,65.3333685,0.505127907662845,0.500664535632388
"P028",3,"VFR-low",-0.648788164770065,-1.22918561884313,0.206011152340257,-0.737645546585955,-0.534525048392647,0.8320976010486,0.775178623656923,-0.254661794047752,22.680412371134,3.12150166084302,-0.0962623265648155,48.3333333333333,56.9999745,-0.603817025130248,0.367917637241892
"P029",3,"VFR-low",0.162950550235577,0.0898639894903192,0.593585138549669,1.21205959300076,0.16349640421935,-1.46875528951531,0.48351309719709,-0.726676876147314,1.2048192771084,0.186329578191465,0.886842285160937,61.6666666666667,71.6666445,0.374030988883245,-0.290956502177188
"P030",3,"VFR-low",0.023684103283157,-0.275870934411783,0.510822442619167,0.464234131686733,-0.43190421354319,-1.33813750952236,0.528173092718634,-0.638331221880819,0,0,-0.710702708893405,40,42.333302,0.049565855265902,-1.02442010920788
"P031",3,"VFR-low",-1.18101967218987,-1.51574043606991,0.198033991753546,-0.0763148046079057,-0.290364021880066,0.064355105877419,0.623353899554831,-0.472640864407671,12.0481927710843,2.48891467118554,0.702510170462359,59.1666666666667,69.6666565,-0.725065659496597,0.383432638169889
"P001",3,"VFR-high",-0.278609487002704,0.217890962961255,0.371947406740571,-0.00207390687714541,-0.666589912604421,0.0498713885379832,0.711818188071609,-0.339932754010512,15.9090909090909,2.76689070112514,-0.0485506880195304,63.3333333333333,64.66661,-0.123267612268042,0.000660350259226405
"P002",3,"VFR-high",0.460643941712868,-0.283828122777347,1.52879721515367,0.543016445925879,-0.0145106010113516,-1.50362461319058,0.622506124955986,-0.474001811404955,0,0,-0.555166563005904,56.6666666666667,57.666605,0.450278817278774,-1.02939558809824
"P003",3,"VFR-high",0.208557098520922,0.028359391067612,-0.239384962343782,0.111974810953408,0.109977566406069,-1.81401875173831,0.545531469292498,-0.605994786477447,1.0416666666667,0.040821994520287,0.141430265100362,65.8333333333333,70.9999785,0.0850618603208648,-0.836294243318976
"P004",3,"VFR-high",-0.480701641225449,0.561022970258278,0.7114423565257,0.357134268124783,-0.242589204218026,-0.147712642467788,0.667691436104512,-0.403929134163557,14.5833333333333,2.67987932413551,-1.12510942236558,49.1666666666667,55.333313,0.0157709021134306,-0.636411032416684
"P005",3,"VFR-high",-0.921569884772831,-0.823621921982953,0.973242342482801,-0.395132798579494,0.896686398131583,1.82286116643574,1.18888052981421,0.17301213310953,49.0909090909091,3.89367386675995,0.964681061953232,76.6666666666667,85.6667305,-0.270951850901342,1.39377111419449
"P006",3,"VFR-high",-1.1299664891937,-0.863233463168027,-0.912110205367847,-0.269563631061104,0.260494115074284,0.0414268065128963,0.62871223313618,-0.464081625954874,31.4465408805032,3.44828898919601,1.02800804632653,77.5,82.9999775,-0.719648573355885,0.534717426419711
"P007",3,"VFR-high",0.965753994135321,1.97492979092238,0.841745295968608,0.185744291098676,0.954846111164457,-0.276895792393389,0.636227891146184,-0.452198460410845,14.2857142857143,2.65926003693278,-0.238531641139422,60.8333333333333,69.333317,0.979891421027247,-0.257713716766406
"P008",3,"VFR-high",0.706789298693521,0.934371367696125,-0.84054528259391,1.19667021738105,-0.688806717384213,0.393685760475113,0.765171384596998,-0.267655438094118,23.0769230769231,3.13883311719467,0.014776296353772,64.1666666666667,74.666642,0.372969157242266,0.204231028414443
"P009",3,"VFR-high",-0.5942927375001,-3.01535517204143,-0.924871545750381,-0.433754793413544,-0.28721184954321,1.08017565521836,0.908348065076601,-0.0961276422514644,41.5929203539823,3.72792996898581,0.838027093206635,75,79.3332825,-0.936896099112325,0.959101374212496
"P010",3,"VFR-high",1.06558672207752,2.08759858159906,0.519336022545835,0.72736574180902,0.564489610132309,1.11598439255666,1.04711865813874,0.0460422570224898,20.2247191011236,3.00690557415212,-2.32832212545823,33.3333333333333,36.666635,1.01105318224394,-0.606168866450787
"P011",3,"VFR-high",-0.078938529837968,0.402633633857585,-0.402252711048747,-1.14034999528337,2.03026795830899,0.47133875254215,0.758350790207741,-0.276609216475989,28.9473684210526,3.36547929906008,2.10456678067258,91.6666666666667,92.6667345,0.101969420939981,1.28795276660737
"P012",3,"VFR-high",-0.427903008074249,-0.11734949955346,-0.323938197348314,-0.623025816608949,1.33438560610581,-0.119705148145087,0.598721475478843,-0.512958771510681,28.75,3.35863776724336,0.204757249473664,66.6666666666667,80.666646,-0.130650389340437,0.0425260506642885
"P013",3,"VFR-high",-1.23738121985996,-0.719213748216219,-1.87973671119981,-0.365797830847306,-1.59832844793147,NA,NA,NA,NA,NA,0.331411218220254,68.3333333333333,76.333309,-1.1794139986732,NA
"P014",3,"VFR-high",1.78995201747121,0.86841286623345,0.133644005375518,0.0185203492448217,0.0418584540897429,-0.0593289732421493,0.636668448262139,-0.451506248295991,23.3082706766917,3.14880826225148,0.964681061953232,76.6666666666667,80.99992,0.875346158230015,0.452676044355541
"P015",3,"VFR-high",0.130538944537072,1.5403923187937,-0.3940521651049,-0.508173626653706,-1.46707395047087,0.416253659507816,0.698869841073218,-0.358290761421517,40.5063291139241,3.7014582363208,-0.618493547379206,55.8333333333333,69.9999805,-0.0721205357005369,-0.101119943935695
"P016",3,"VFR-high",-1.10825034133045,-0.820146972907465,-0.0212904549513133,0.790615371739925,0.0971796748442487,1.03378616612632,0.915972234595277,-0.0877692263446204,35.7142857142857,3.57555076880693,-0.301858625512717,60,78.6666425,-0.436346493723369,0.365963770306803
"P017",3,"VFR-high",0.494009437086291,0.530819111357643,-0.209556970638028,0.289232560617951,0.0579151723132755,-0.925532403631796,0.570049296614413,-0.562032436604734,6.0975609756098,1.80788885115794,-0.491839578632609,57.5,60.9999895,0.297865255882143,-0.708685991132203
"P019",3,"VFR-high",0.615302454802025,0.74679826796843,-0.257612328361152,0.780614517534149,-0.465599032309183,-1.02231048899916,0.653093414551001,-0.426035105494443,2.27272727272729,0.82098055206984,-0.0485506880195304,63.3333333333333,67.333312,0.366751195645647,-0.535430588509347
"P020",3,"VFR-high",0.741507139391441,-0.765858635155255,0.424708943031355,1.67442135130057,-0.394065025974894,-1.10827889222056,0.590666878738179,-0.526503077447736,3.2967032967033,1.19292296813935,0.204757249473664,66.6666666666667,76.666634,0.437483850736843,-0.451760821373447
"P021",3,"VFR-high",0.0457659488873007,0.214655702948018,0.853870238589831,-0.0657033442388306,0.358214554886535,-0.130670545530649,0.708527977576359,-0.344565732167594,10.8433734939759,2.38355415552771,-0.365185609886012,59.1666666666667,72.6666465,0.222461952382753,-0.247928077708331
"P022",3,"VFR-high",0.63950851630452,0.351680576740405,-1.04668760180934,-2.08167922291147,-0.467066473032426,-0.0101758330736733,0.669832707860779,-0.400727287534835,19.5652173913043,2.97375336683521,0.521392171340145,70.8333333333333,79.6666465,-0.230759501630115,0.255608169133236
"P023",3,"VFR-high",0.62405842794896,-0.97034316000187,0.969542179766488,0.401992277283538,0.56587181524582,0.826600207796118,0.780267706773567,-0.248118204370622,55.1724137931034,4.0104630782414,1.53462392131291,84.1666666666667,83.6666465,0.39468283802368,1.18061206455451
"P024",3,"VFR-high",-0.509122483091657,-0.573472642677313,0.113065540653933,0.065806292668319,-0.0532447969091078,-0.0740666536444829,0.703634037003704,-0.351496891786085,12.8205128205128,2.55104645229254,-2.07501418796504,36.6666666666667,40.666696,-0.270825834176288,-1.07454042080476
"P025",3,"VFR-high",-0.249875834382966,0.0808737500965232,-0.483612050426213,0.347058039990239,1.01607072272885,0.147402276410146,0.714178680683869,-0.336622094891986,19.4805194805195,2.96941496523662,0.648046140086743,72.5,78.3333125,0.0441082356052233,0.397724208248445
"P026",3,"VFR-high",-1.33203162076623,-0.909081347040762,0.178777250604431,-0.00544029368466506,-0.274553690743935,0.7273643132756,0.884681861742759,-0.122527176858774,21.6867469879518,3.07670133608766,0.584719155713448,71.6666666666667,80.9999665,-0.684357360436231,0.656041734494524
"P027",3,"VFR-high",-0.202374536407454,-0.30226417739695,-1.23470400421203,-2.09220439231918,-0.620641937424163,0.539388500181037,0.785690034929656,-0.241192921928194,27.6595744680851,3.31997194173957,0.648046140086743,72.5,78.3333085,-0.71842199126583,0.59371732013389
"P028",3,"VFR-high",0.0526174274235243,0.198232536394221,-0.33665409743971,0.324706620085807,-0.0368717013098148,0.566547413139369,0.817407718600578,-0.201617265028207,23.5294117647059,3.15825120305177,-0.681820531752501,55,63.6666675,0.0434589746289851,-0.0576365593065659
"P029",3,"VFR-high",0.0958421475038873,0.156260386299819,-0.670512531582442,-1.18421351858733,-0.0431542721591837,-0.929937247976442,0.520117692776091,-0.653700160754233,10.126582278481,2.3151638752009,-0.428512594259314,58.3333333333333,64.9999865,-0.222906131402816,-0.679224921117878
"P030",3,"VFR-high",0.301264673468776,0.0183178521148263,1.72295951002772,1.5471776548754,-0.407185393523912,-1.76041228150217,0.486410418624591,-0.720702528689946,2.247191011236,0.809680996815916,-1.94836021921845,38.3333333333333,41.999991,0.552696312911616,-1.85438625036031
"P031",3,"VFR-high",-0.386680376519456,-0.749481204390285,0.834443512711447,-0.194937639567421,-0.5607647528818,-0.191096881129947,0.68718213028995,-0.375155912302768,11.2359550561798,2.41911890925,0.521392171340145,70.8333333333333,77.6666445,-0.255283163226991,0.165147645105099
"P001",3,"IFR-low",1.02224619932275,-0.0787163238535017,-0.170633792252972,0.175972114053423,-0.820859391471463,0.0863904259780258,0.756168768487551,-0.279490688976517,14.7368421052632,2.69035062400281,0.757256407004902,69.1666666666667,70.33327,0.274762870700425,0.421823416491464
"P002",3,"IFR-low",0.84559807696796,0.387090705699487,-0.582884308765048,0.689926482366423,-1.7092254450377,-1.27365170709359,0.633045917637358,-0.457212319757373,0,0,0.00578058325957708,58.3333333333333,57.0000025,0.155975345926658,-0.633935561917009
"P003",3,"IFR-low",-0.221876369242466,0.36951386319454,-0.023812970682339,0.105639148332312,-0.124431444516825,-1.19088051529382,0.501139317852626,-0.690871137008063,4.21052631578949,1.43758765550745,0.0635864158553755,59.1666666666667,62.999983,-0.0397142582478333,-0.563647049719224
"P004",3,"IFR-low",-0.940931196366535,-1.32261140941318,0.0940504075849821,-1.75369451389647,-0.3094877461093,-0.526226717943759,0.700631316413486,-0.355773469797977,4.3010752688172,1.45886505395473,-1.49717106423106,36.6666666666667,39.6666595,-0.870133967821708,-1.01169889108741
"P005",3,"IFR-low",-1.20064582028992,-1.14536202857223,0.223924143237025,-0.423077209299022,0.601386649249429,1.3909501166505,1.18995146835151,0.173912523393902,44.5544554455445,3.79671215891715,0.988479737388075,72.5,77.6666405,-0.591727594923689,1.18971492701929
"P006",3,"IFR-low",-0.587262307488736,0.271857950151263,0.172203341438572,0.101324565535488,1.39337899122698,-0.273570211198236,0.54322614289053,-0.610229576335859,31.7073170731707,3.45654747674532,-1.49717106423106,36.6666666666667,40.000031,0.0559098042573512,-0.885370637714647
"P007",3,"IFR-low",0.017943225842147,-0.132343531438688,-0.152423716146938,-1.24892784260684,1.09271982618309,-0.335651073639573,0.785016324749748,-0.242050765556408,3.9473684210526,1.37304913436986,-0.167636914527804,55.8333333333333,61.0000455,-0.0589689992645473,-0.251643994083689
"P008",3,"IFR-low",0.702164822304922,2.51760585923638,-0.394930947915293,-0.0181405708745072,-0.366449553886058,1.0601363155307,1.06877061077297,0.0665090260166541,32.3529411764706,3.4767049341703,0.58383890921752,66.6666666666667,77.999989,0.541578646906047,0.82198761237411
"P009",3,"IFR-low",-0.55324973085248,-1.38111737134688,-0.695654116036046,-1.29402983934719,-0.275903103352662,1.16894842035726,1.04952344087897,0.0483361953116088,47.5,3.8607297110406,0.58383890921752,66.6666666666667,70.9999685,-0.76830555685341,0.876393664787391
"P010",3,"IFR-low",0.621338558997562,0.725172291122961,1.24067196223227,0.344343304831939,0.494369313930612,1.16591113541428,1.17203632309266,0.158742683074447,26.5060240963855,3.27737203154981,-0.919112738273122,45,38.999984,0.669218954416692,0.123399198570581
"P011",3,"IFR-low",-2.54868537752809,-0.783904271284242,0.358422563844291,-0.625988252213673,1.76032194566006,0.599093191944059,0.844132660711234,-0.169445615800328,32.4675324675325,3.48024058900261,1.97117889151657,86.6666666666667,89.3333415,-0.913146353110272,1.28513604173032
"P012",3,"IFR-low",1.11793128693964,-0.106086293965628,-0.612469072240078,-0.604624729309534,0.595475746216623,-0.0828791121475602,0.737349663732309,-0.304693057334238,10.7142857142857,2.371577964481,-0.167636914527804,55.8333333333333,61.6666745,0.338016862381063,-0.125258013337682
"P013",3,"IFR-low",0.134134798152405,0.157201957610441,NA,0.131408314717574,0.0476790357082231,0.0994284581834674,0.707870399974951,-0.345494252927112,21.5189873417722,3.06893567757729,-0.109831081932006,56.6666666666667,62.666652,NA,-0.0052013118742693
"P014",3,"IFR-low",-0.0975023781324754,-0.0866230102052039,0.188069838670967,0.00677680093970441,-0.107838867281804,0.0107621621271395,0.731895219613458,-0.312117917871271,14.2857142857143,2.65926003693278,0.58383890921752,66.6666666666667,70.9999825,-0.0389432369344406,0.29730053567233
"P015",3,"IFR-low",0.177728554146951,0.127184844105435,-1.13246214885481,1.13926646065917,-0.738650058638463,-0.123265258793726,0.616154161463701,-0.484258084642559,24.5283018867924,3.1998276298975,-0.687889407889949,48.3333333333333,57.3333235,-0.01960771375052,-0.405577333341837
"P016",3,"IFR-low",0.0558354410723927,1.02029732568262,-1.20888807725116,-1.12507240796263,-0.271836907068257,1.68593901843088,1.28221586582588,0.248589726403277,66.1538461538462,4.19198303178602,1.21970306777125,75.8333333333333,86.6666475,-0.215490833560958,1.45282104310107
"P017",3,"IFR-low",0.46330138369599,-0.250579816300103,0.0566033468867607,0.642676191263548,-0.304041191488373,-1.29256471601075,0.614415189473688,-0.487084375003605,1.1111111111111,0.105360515657816,-0.919112738273122,45,54.3333165,0.207019333032671,-1.10583872714193
"P019",3,"IFR-low",-0.846598035760069,-0.586114871789711,-0.33299237207202,0.214431307263935,-0.0891198793887824,-1.26959974478397,0.618982676591026,-0.479677992810281,1.1363636363636,0.127833371509851,0.641644741813312,67.5,68.6666765,-0.457708586702014,-0.313977501485327
"P020",3,"IFR-low",0.812579107141988,1.57133959164071,0.568370367485629,1.63732328530482,0.518619059783688,-1.46250075958228,0.574885516479927,-0.553584359782216,0,0,0.00578058325957708,58.3333333333333,69.9999705,0.969379488489022,-0.728360088161351
"P021",3,"IFR-low",0.331089832733843,0.433950775927436,0.122050256510721,0.203417617950062,0.703099450950049,0.00246453289294779,0.768404060622383,-0.263439563585323,10.8433734939759,2.38355415552771,0.0635864158553755,59.1666666666667,71.3333005,0.351813648294277,0.0330254743741617
"P022",3,"IFR-low",-0.219361710269442,0.0610438954368923,-1.13833755822255,0.0313168479363007,-0.220681569808444,0.39204184109951,0.868630567178064,-0.14083736818348,16.1290322580645,2.78062089393704,0.294809746238549,62.5,70.00001,-0.277743441806447,0.343425793669029
"P023",3,"IFR-low",1.24733224028281,0.51227267861309,0.452881197396463,-0.611133289051752,0.108580762339817,0.89991715854947,0.891957073805271,-0.114337271096794,54.2168674698795,3.99299206796181,0.872868072196485,70.8333333333333,76.6666415,0.568323098507768,0.886392615372977
"P024",3,"IFR-low",1.16058900056456,1.07984806281939,0.485136176745772,0.831467176212962,0.4370207886124,-0.0908310344179746,0.691711070886142,-0.368586938174577,14.6341463414634,2.68335758851184,-1.49717106423106,36.6666666666667,35.6666665,0.889256430884403,-0.794001049324516
"P025",3,"IFR-low",-0.386457364528789,-2.80369481084927,-0.530537538816538,-0.531959031056675,-0.843185469997464,0.36953528491759,0.759938598029322,-0.274517641032297,30.4878048780488,3.41732676359204,1.04628556998387,73.3333333333333,77.6666195,-0.860989473419507,0.707910427450728
"P026",3,"IFR-low",-0.413529503331473,0.231070948504431,0.560530735869988,-0.32067805936818,0.310573642082437,0.845199372073989,0.981937561006932,-0.0182275561451833,28.4090909090909,3.34670919637809,0.0635864158553755,59.1666666666667,65.333316,-0.0481872112692877,0.454392893964682
"P027",3,"IFR-low",0.406723992045839,-0.121613060035804,1.21566061148979,0.0661770647150642,0.50535854035936,0.233871038137248,0.751862080436315,-0.285202375527921,22.4719101123596,3.11226608980994,0.00578058325957708,58.3333333333333,57.66667,0.412527070297597,0.119825810698413
"P028",3,"IFR-low",-0.485511569750502,0.486742160330004,0.635069652694164,-0.628385709695166,-0.218435295809237,0.876213701859474,1.0266081389737,0.0262602991992352,24.468085106383,3.19736961964724,-0.919112738273122,45,51.666651,-0.152956006772236,-0.0214495182068238
"P029",3,"IFR-low",0.353056987903229,0.357167079392363,0.859855718580133,1.87320880505209,-0.155387690208392,-1.48343693349413,0.552548603531867,-0.593213879265955,1.1627906976744,0.150822889734564,-1.26594773384789,40,44.333333,0.581449382083721,-1.37469233367101
"P030",3,"IFR-low",0.168584582528127,-0.00107341983411273,NA,1.13731859056252,-0.316626282605997,-1.30914910739692,0.537821255923266,-0.620229012084488,2.1276595744681,0.755022584278039,-1.95961772499741,30,35.3333275,NA,-1.63438341619717
"P031",3,"IFR-low",-1.13656672710215,-1.50951977057888,-0.805551798753018,-0.146282623015688,-1.69642385563355,-0.172595282350255,0.65785030919736,-0.418777867158452,15.2941176470588,2.72746828695931,1.85556722632498,85,89.66664,-1.07829339803803,0.841485971987364
"P001",3,"IFR-high",-1.81076991836096,-1.92120573136402,-1.1547975243741,-0.825119449441369,-1.40742325410396,0.0677239118303432,0.729631189124222,-0.315216092884295,52.8571428571429,3.96759285658296,1.20553118967674,90,89.99991,-1.5205898612369,0.63662755075354
"P002",3,"IFR-high",-0.0734569968046185,-0.518196243307859,NA,0.759136393160918,0.43662335935391,-2.38087745100218,0.611364027039244,-0.492062708287373,1.0416666666667,0.040821994520287,-0.538318958912256,70.8333333333333,77.9999715,NA,-1.45959820495722
"P003",3,"IFR-high",0.495614479144489,0.582402765708921,-0.464005633966197,-0.899991027058282,0.574526034702479,-0.829366034268421,0.652597666834594,-0.42679447001381,14.7727272727273,2.69278272897142,0.29569632954335,80,81.3333125,0.167185612565834,-0.266834852362535
"P004",3,"IFR-high",0.490300115972526,0.655890988775472,0.061391853155059,-0.887660868861655,0.324111912489602,-0.340214202218402,0.639508264161388,-0.447055735198595,39.3258426966292,3.67188187774536,0.144057186187783,78.3333333333333,81.999915,0.219180129222782,-0.0980785080153094
"P005",3,"IFR-high",-0.768829723041538,-0.925634743709577,-1.95613855883768,-1.82961223194364,-1.41791729731963,0.803937996749647,0.955077765899582,-0.0459625115553281,80.7692307692308,4.39159608569003,0.674794187932264,84.1666666666667,91.6666425,-1.22692731398819,0.739366092340956
"P006",3,"IFR-high",0.1302095592128,0.247856492616786,-0.037753889357212,0.0949082184514892,1.05976759009721,-0.590195202487727,0.561617819634887,-0.576933696654825,38.961038961039,3.66256214579656,-0.462499387234468,71.6666666666667,76.333343,0.256800585456361,-0.526347294861097
"P007",3,"IFR-high",-0.124974116127136,-0.134876509971205,-0.291127170813289,-0.257523229383474,-0.436230356295883,0.406527384143876,1.04641747286348,0.0453723996542836,28.0487804878049,3.33394515465299,1.05389204632117,88.3333333333333,90.9999725,-0.217953236420432,0.730209715232522
"P008",3,"IFR-high",0.642020771161642,0.884524319805865,0.369823705924557,0.863200222803511,-0.463654676600186,0.0538832768910303,0.683919284969558,-0.379915372753128,64.6153846153846,4.16845253437582,0.219876757865571,79.1666666666667,89.666639,0.504892344254719,0.136880017378301
"P009",3,"IFR-high",-3.10919704128695,-1.7889220802867,-1.17122523079231,-0.992686780306704,-0.718802578414721,1.03050735712085,1.1984521249217,0.181030828263574,55.5555555555556,4.01738352108597,-0.386679815556689,72.5,76.3333155,-1.94442431698485,0.321913770782082
"P010",3,"IFR-high",0.908731665294428,1.32968234257527,1.34852616801535,0.457436638264289,0.0323097559765151,1.06885706879645,1.20494881493971,0.186437088811979,58.5365853658537,4.06965194963173,-0.159221100523342,75,78.333316,0.838685901842485,0.454817984136554
"P011",3,"IFR-high",-0.979832363497506,-1.66261739309956,-0.146434519272227,-1.03558847570437,0.551018295044492,0.475585295273684,1.06657864962331,0.0644560017547937,29.8245614035088,3.39533226220976,2.11536604981012,100,100.00004,-0.735976259353753,1.2954756725419
"P012",3,"IFR-high",-1.27902927590533,-1.56691573558303,-0.811561378833737,-0.61746445631277,1.01944094830464,-0.16327486545095,0.697403757881336,-0.360390756339078,40.3225806451613,3.6969116258112,1.05389204632117,88.3333333333333,89.333298,-0.808086803725869,0.44530859043511
"P013",3,"IFR-high",0.744032095976171,1.27832947766207,0.135335945874525,0.826267549729768,0.0117440523560383,0.646413110053454,1.06283169352158,0.060936755235688,41.4634146341463,3.72481146334,-0.689958102267815,69.1666666666667,71.333309,0.635364392233829,-0.0217724961071804
"P014",3,"IFR-high",-0.405408540388115,-0.306207842630888,0.269966405505888,0.455906717351652,0.978387789111666,-0.12891442837219,0.78097640149432,-0.247210345355269,28.9156626506024,3.36438340853944,2.03954647813234,99.1666666666667,99.00007,0.0475445442455015,0.955316024880076
"P015",3,"IFR-high",0.576885757080345,1.07672294629789,0.337331163501864,0.031054175875767,-0.690026595941772,-0.584733444203607,0.587202308141739,-0.532385870930464,33.6734693877551,3.516710268784,-2.66126696589015,47.5,61.6666355,0.344016556292201,-1.62300020504688
"P016",3,"IFR-high",-0.223876844940658,-0.23734384604109,0.145173389775932,-0.321616081260955,-0.0952980776728485,0.875289339137176,1.00907821053371,0.00903725128495381,76.056338028169,4.33147435551105,-0.0075819571677752,76.6666666666667,79.6667255,-0.165913430256108,0.4338536909847
"P017",3,"IFR-high",0.381866510056297,0.394598246403186,1.0840943223034,1.14837993462158,0.0928060841691041,-1.60061611946277,0.64813115581128,-0.433662202166836,3.6144578313253,1.2849418668596,-1.06905596065673,65,74.666649,0.560728392147109,-1.33483604005975
"P019",3,"IFR-high",0.397241226536966,0.414182166966207,-0.142353206810072,0.344972789755523,-0.965668051036121,-1.19271114546621,0.627056532028088,-0.466718579689407,8.6538461538462,2.15800386418294,-0.0834015288455634,75.8333333333333,81.3333045,0.106566545446117,-0.638056337155887
"P020",3,"IFR-high",0.665712071117518,1.47837397244472,0.59547235990516,2.03228699797448,-0.149147453806188,-0.405479825476904,0.772501746760131,-0.25812100903463,17.9775280898876,2.88912253849573,-0.462499387234468,71.6666666666667,84.999969,0.859832709924732,-0.433989606355686
"P021",3,"IFR-high",-0.945987022794127,-1.48244791484905,0.561162985144184,-0.42246414331629,0.536167930556748,0.654191811578465,1.13585913521264,0.127389311917139,33.3333333333333,3.50655789731998,0.219876757865571,79.1666666666667,95.333401,-0.499531980487313,0.437034284722018
"P022",3,"IFR-high",0.00215395203041818,-0.379146903035717,-0.0411257792066847,-0.138184092743436,0.28488368578445,-0.0641230296134825,0.740320037788862,-0.300672702779492,39.3258426966292,3.67188187774536,0.902252902965611,86.6666666666667,85.999976,-0.0401743825680408,0.419064936676064
"P023",3,"IFR-high",0.477175164054997,0.763339185035434,-0.387622486798632,-1.18262914926611,-0.174361821388506,1.70857296021238,1.53665245285507,0.429606318528733,81.9277108433735,4.4058372833676,0.144057186187783,78.3333333333333,89.333304,0.0436789247593264,0.92631507320008
"P024",3,"IFR-high",0.678793604624108,1.11852331920154,-0.0824574616855186,0.277901956391585,0.547879946555919,-0.0297009458982595,0.698911418243957,-0.358231271182291,51.2820512820513,3.93734081341244,-1.52397339072342,60,74.6666465,0.550794605919172,-0.77683716831084
"P025",3,"IFR-high",0.17280538008956,-1.25086460853264,-0.780971847488062,-0.248588560230323,-0.0027323139123851,-0.0342952714616665,0.833902090065096,-0.181639281518557,27.3972602739726,3.31044301839369,0.674794187932264,84.1666666666667,82.99992,-0.273351447488688,0.320249458235299
"P026",3,"IFR-high",0.377018522919073,0.362195126996069,-0.321169178236947,0.338568216451798,0.123222625387355,0.823083345823905,1.05979126441274,0.0580719683672753,58.1395348837209,4.06284589516273,-0.538318958912256,70.8333333333333,85.999975,0.22622992775737,0.142382193455824
"P027",3,"IFR-high",0.730117846825051,0.48504509679926,0.933067106780852,0.824751124497833,0.977227972001107,-0.167607430505721,0.786545279671176,-0.240104987039652,26.25,3.26766598903763,-0.235040672201122,74.1666666666667,77.66666,0.775060833741878,-0.201324051353421
"P028",3,"IFR-high",-0.0768861928607603,0.0898755072735417,0.21074321492926,-0.467017746810318,-0.0712717107284106,0.824531350674751,1.15086541169597,0.140514191274534,43.6781609195402,3.77684822705989,-0.689958102267815,69.1666666666667,79.999975,-0.0664050874446931,0.0672866242034683
"P029",3,"IFR-high",0.388710053628033,0.750520625257183,0.122006793057491,1.32153948476806,-0.471248959792411,-0.302495880285804,0.786026922121852,-0.240764235076094,20.4819277108434,3.01954292224771,-1.37233424736785,61.6666666666667,74.666645,0.413906712944762,-0.837415063826829
"P030",3,"IFR-high",0.519717875370649,0.44418020301632,0.0899004432207253,-0.0102408320601587,-0.45301960362384,-1.04000321960696,0.613367684383444,-0.488790711468638,12.4137931034483,2.51880820146368,0.29569632954335,80,85.999971,0.218510181731217,-0.372153445031805
"P031",3,"IFR-high",1.01914138491264,-0.18186323042438,1.45438329421065,0.360076704601631,-0.0333152312543638,0.415504287495249,0.954962099041287,-0.0460836261567136,39.2857142857143,3.67086094861126,-0.159221100523342,75,80.333284,0.647548784535086,0.128141593485953
